Genotype	Score	Delta	Genotypeset
ATCTGTTGCMGC	1.187365068	0.25	set1
ATCAGTTGCMGC	1.129431369	0.25	set1
ATCACTTGCMGC	1.03517639	0.25	set1
ATCTATTGCMGC	1.031318653	0.25	set1
ATCATTTGCMGC	1.023859862	0.25	set1
ATCAATTGCMGC	0.927273149	0.25	set1
ATMGCTTGCMGC	0.919213286	0.25	set1
ATMGATTGCMGC	0.88702956	0.25	set1
ATMGGTTGCMGC	0.884202417	0.25	set1
ATCCCTTGCMGC	0.831191401	0.25	set1
ATCTCTTGCMGC	0.828831427	0.25	set1
ATCMGTTGCMGC	0.750418506	0.25	set1
ATCTTTTGCMGC	0.720952494	0.25	set1
ATMGAGTGCMGC	0.704543315	0.25	set1
ATCTAGTGCMGC	0.681312723	0.25	set1
ATCAMGTGCMGC	0.672411282	0.25	set1
ATCCATTGCMGC	0.63482901	0.25	set1
ATMGTTTGCMGC	0.616726534	0.25	set1
ATCAAGTGCMGC	0.614996621	0.25	set1
ATMGMGTGCMGC	0.554249418	0.25	set1
ATCATGTGCMGC	0.527219434	0.25	set1
ATCCAGTGCMGC	0.49546664	0.25	set1
ATCCTTTGCMGC	0.483910626	0.25	set1
ATCTMGTGCMGC	0.47957308	0.25	set1
ATCCMGTGCMGC	0.41295578	0.25	set1
ATCTTGTGCMGC	0.368704212	0.25	set1
ATCTGATGCMGC	0.316385478	0.25	set1
ATMGTGTGCMGC	0.315665244	0.25	set1
ATCAAATGCMGC	0.292136423	0.25	set1
ATMGAATGCMGC	0.253241582	0.25	set1
ATCCTGTGCMGC	0.250075655	0.25	set1
ATCTAATGCMGC	0.245410352	0.25	set1
ATMGGATGCMGC	0.216038726	0.25	set1
ATCAGATGCMGC	0.174599511	0.25	set1
ATMGCATGCMGC	0.169215209	0.25	set1
ATCATATGCMGC	0.091461554	0.25	set1
ATCTACTGCMGC	0.084940677	0.25	set1
ATCTTATGCMGC	0.034317093	0.25	set1
ATCTGGTGCMGC	0.03241775	0.25	set1
ATCTGCTGCMGC	-0.0	0.25	set1
ATCAACTGCMGC	-0.0	0.25	set1
ATMGTATGCMGC	-0.013825105	0.25	set1
ATCAGGTGCMGC	-0.017769471	0.25	set1
ATMGACTGCMGC	-0.020202707	0.25	set1
ATMGGGTGCMGC	-0.020753015	0.25	set1
ATCAGCTGCMGC	-0.038839833	0.25	set1
ATCMGATGCMGC	-0.049271049	0.25	set1
ATCMGGTGCMGC	-0.081345639	0.25	set1
ATCCTATGCMGC	-0.09531018	0.25	set1
ATCCAATGCMGC	-0.111012529	0.25	set1
ATCMGCTGCMGC	-0.14126007	0.25	set1
ATCACATGCMGC	-0.163551454	0.25	set1
ATCCACTGCMGC	-0.175890666	0.25	set1
ATCTCATGCMGC	-0.247354027	0.25	set1
ATMGGCTGCMGC	-0.271034839	0.25	set1
ATCCCATGCMGC	-0.283887001	0.25	set1
ATCACCTGCMGC	-0.334140327	0.25	set1
ATMGCCTGCMGC	-0.442430302	0.25	set1
ATCCCCTGCMGC	-0.498086598	0.25	set1
ATCTCCTGCMGC	-0.564766014	0.25	set1
ATCATCTGCMGC	-0.85613184	0.25	set1
ATCTTCTGCMGC	-1.076438431	0.25	set1
ATMGTCTGCMGC	-1.133192622	0.25	set1
ATCCTCTGCMGC	-1.364071224	0.25	set1
