Genotype	Score	Delta	Genotypeset
ATCAGTTGCCGC	-0.783143634	0.25	set1
ATCTATTGCCGC	-0.923105068	0.25	set1
ATCCGTTGCCGC	-1.053634293	0.25	set1
ATCACTTGCCGC	-1.078611622	0.25	set1
ATCGGTTGCCGC	-1.096149233	0.25	set1
ATCTGTTGCCGC	-1.115349081	0.25	set1
ATCAATTGCCGC	-1.123930097	0.25	set1
ATCAAGTGCCGC	-1.15418214	0.25	set1
ATCGATTGCCGC	-1.201748109	0.25	set1
ATCATTTGCCGC	-1.254831222	0.25	set1
ATCCCTTGCCGC	-1.260455314	0.25	set1
ATCTCTTGCCGC	-1.264167965	0.25	set1
ATCCATTGCCGC	-1.335612875	0.25	set1
ATCGAGTGCCGC	-1.350145847	0.25	set1
ATCCAGTGCCGC	-1.380844756	0.25	set1
ATCGTTTGCCGC	-1.386294361	0.25	set1
ATCTTTTGCCGC	-1.395916428	0.25	set1
ATCTAGTGCCGC	-1.431267727	0.25	set1
ATCCTTTGCCGC	-1.452252329	0.25	set1
ATCGCTTGCCGC	-1.674856328	0.25	set1
ATCATGTGCCGC	-1.693207795	0.25	set1
ATCACGTGCCGC	-1.744071638	0.25	set1
ATCCTGTGCCGC	-1.772246655	0.25	set1
ATCGTGTGCCGC	-1.782325437	0.25	set1
ATCGCGTGCCGC	-1.864784604	0.25	set1
ATCGTATGCCGC	-1.909073572	0.25	set1
ATCTTGTGCCGC	-1.918680744	0.25	set1
ATCCCCTGCCGC	-1.945910149	0.25	set1
ATCATATGCCGC	-1.962337623	0.25	set1
ATCGAATGCCGC	-1.967650136	0.25	set1
ATCTACTGCCGC	-1.976330746	0.25	set1
ATCTGATGCCGC	-2.005077126	0.25	set1
ATCAAATGCCGC	-2.020683383	0.25	set1
ATCTGCTGCCGC	-2.03077637	0.25	set1
ATCAGATGCCGC	-2.06664819	0.25	set1
ATCTGGTGCCGC	-2.070309058	0.25	set1
ATCAACTGCCGC	-2.074429	0.25	set1
ATCCACTGCCGC	-2.111529856	0.25	set1
ATCGACTGCCGC	-2.112231365	0.25	set1
ATCTAATGCCGC	-2.127381004	0.25	set1
ATCCGGTGCCGC	-2.130003185	0.25	set1
ATCGGGTGCCGC	-2.145488903	0.25	set1
ATCCCGTGCCGC	-2.148850993	0.25	set1
ATCTCGTGCCGC	-2.156873282	0.25	set1
ATCGGATGCCGC	-2.168169657	0.25	set1
ATCCTATGCCGC	-2.219203484	0.25	set1
ATCGGCTGCCGC	-2.225495011	0.25	set1
ATCTTATGCCGC	-2.2410272	0.25	set1
ATCAGCTGCCGC	-2.259744934	0.25	set1
ATCAGGTGCCGC	-2.275916846	0.25	set1
ATCCGATGCCGC	-2.28399226	0.25	set1
ATCCAATGCCGC	-2.288695981	0.25	set1
ATCGCATGCCGC	-2.38042758	0.25	set1
ATCCCATGCCGC	-2.426410443	0.25	set1
ATCACATGCCGC	-2.428761921	0.25	set1
ATCTCATGCCGC	-2.435074276	0.25	set1
ATCCGCTGCCGC	-2.561095788	0.25	set1
ATCACCTGCCGC	-2.599836616	0.25	set1
ATCTCCTGCCGC	-2.73513116	0.25	set1
ATCATCTGCCGC	-2.869318349	0.25	set1
ATCGCCTGCCGC	-2.879198457	0.25	set1
ATCTTCTGCCGC	-2.992786763	0.25	set1
ATCCTCTGCCGC	-3.071369688	0.25	set1
ATCGTCTGCCGC	-3.549617387	0.25	set1
